-- MySQL Script generated by MySQL Workbench
-- Wed Jun 20 13:25:42 2018
-- Model: New Model    Version: 1.0
-- MySQL Workbench Forward Engineering

SET @OLD_UNIQUE_CHECKS=@@UNIQUE_CHECKS, UNIQUE_CHECKS=0;
SET @OLD_FOREIGN_KEY_CHECKS=@@FOREIGN_KEY_CHECKS, FOREIGN_KEY_CHECKS=0;
SET @OLD_SQL_MODE=@@SQL_MODE, SQL_MODE='TRADITIONAL,ALLOW_INVALID_DATES';

-- -----------------------------------------------------
-- Schema ncc
-- -----------------------------------------------------

-- -----------------------------------------------------
-- Schema ncc
-- -----------------------------------------------------
CREATE SCHEMA IF NOT EXISTS `ncc` DEFAULT CHARACTER SET utf8 ;
USE `ncc` ;

-- -----------------------------------------------------
-- Table `ncc`.`project`
-- -----------------------------------------------------
CREATE TABLE IF NOT EXISTS `ncc`.`project` (
  `project_id` INT NOT NULL AUTO_INCREMENT,
  `projectName` VARCHAR(45) NOT NULL,
  `customer` VARCHAR(45) NOT NULL,
  `PM` VARCHAR(45) NOT NULL,
  `technology` VARCHAR(45) NOT NULL,
  `description` VARCHAR(45) CHARACTER SET 'big5' NULL,
  PRIMARY KEY (`project_id`))
ENGINE = InnoDB;


-- -----------------------------------------------------
-- Table `ncc`.`user`
-- -----------------------------------------------------
CREATE TABLE IF NOT EXISTS `ncc`.`user` (
  `id` INT NOT NULL AUTO_INCREMENT,
  `email` VARCHAR(45) NOT NULL,
  `password` VARCHAR(45) NOT NULL,
  PRIMARY KEY (`id`))
ENGINE = InnoDB;


-- -----------------------------------------------------
-- Table `ncc`.`log time sheet`
-- -----------------------------------------------------
CREATE TABLE IF NOT EXISTS `ncc`.`log time sheet` (
  `id` INT NOT NULL AUTO_INCREMENT,
  `project_id` INT NOT NULL,
  `type` VARCHAR(45) NOT NULL,
  `hours` INT NOT NULL,
  `role` VARCHAR(45)  NOT NULL,
  `user_id` INT NOT NULL,
  PRIMARY KEY (`id`, `user_id`, `project_id`),
  INDEX `uer_key_idx` (`user_id` ASC),
  INDEX `fk_log time sheet_project1_idx` (`project_id` ASC),
  CONSTRAINT `uer_key`
    FOREIGN KEY (`user_id`)
    REFERENCES `ncc`.`user` (`id`)
    ON DELETE NO ACTION
    ON UPDATE CASCADE,
  CONSTRAINT `fk_log time sheet_project1`
    FOREIGN KEY (`project_id`)
    REFERENCES `ncc`.`project` (`project_id`)
    ON DELETE NO ACTION
    ON UPDATE CASCADE)
ENGINE = InnoDB;


-- -----------------------------------------------------
-- Table `ncc`.`relation`
-- -----------------------------------------------------
CREATE TABLE IF NOT EXISTS `ncc`.`relation` (
  `id` INT NOT NULL DEFAULT 0,
  `user_id` INT NOT NULL,
  `project_id` INT NOT NULL,
  PRIMARY KEY (`id`, `user_id`, `project_id`),
  INDEX `proj_key_idx` (`project_id` ASC),
  CONSTRAINT `user_key`
    FOREIGN KEY (`user_id`)
    REFERENCES `ncc`.`user` (`id`)
    ON DELETE NO ACTION
    ON UPDATE CASCADE,
  CONSTRAINT `proj_key`
    FOREIGN KEY (`project_id`)
    REFERENCES `ncc`.`project` (`project_id`)
    ON DELETE NO ACTION
    ON UPDATE CASCADE)
ENGINE = InnoDB;


-- -----------------------------------------------------
-- Table `ncc`.`role`
-- -----------------------------------------------------
CREATE TABLE IF NOT EXISTS `ncc`.`role` (
  `role_id` INT NOT NULL AUTO_INCREMENT,
  `role` VARCHAR(45) NOT NULL,
  PRIMARY KEY (`role_id`))
ENGINE = InnoDB;


-- -----------------------------------------------------
-- Table `ncc`.`user_role`
-- -----------------------------------------------------
CREATE TABLE IF NOT EXISTS `ncc`.`user_role` (
  `user_id` INT NOT NULL,
  `role_id` INT NOT NULL,
  `id` INT NOT NULL AUTO_INCREMENT,
  PRIMARY KEY (`id`, `role_id`, `user_id`),
  INDEX `fk_user_role_user1_idx` (`user_id` ASC),
  INDEX `fk_user_role_role1_idx` (`role_id` ASC),
  CONSTRAINT `fk_user_role_user1`
    FOREIGN KEY (`user_id`)
    REFERENCES `ncc`.`user` (`id`)
    ON DELETE NO ACTION
    ON UPDATE NO ACTION,
  CONSTRAINT `fk_user_role_role1`
    FOREIGN KEY (`role_id`)
    REFERENCES `ncc`.`role` (`role_id`)
    ON DELETE NO ACTION
    ON UPDATE NO ACTION)
ENGINE = InnoDB;


SET SQL_MODE=@OLD_SQL_MODE;
SET FOREIGN_KEY_CHECKS=@OLD_FOREIGN_KEY_CHECKS;
SET UNIQUE_CHECKS=@OLD_UNIQUE_CHECKS;



INSERT INTO `ncc`.`user` (`id`, `email`, `password`) VALUES ('1', 'admin@gmail.com', '12345678');
INSERT INTO `ncc`.`user` (`id`, `email`, `password`) VALUES ('2', 'user1@gmail.com', '12345678');
INSERT INTO `ncc`.`user` (`id`, `email`, `password`) VALUES ('3', 'user2@gmail.com', '12345678');
INSERT INTO `ncc`.`user` (`id`, `email`, `password`) VALUES ('4', 'user3@gmail.com', '12345678');

INSERT INTO `ncc`.`role` (`role_id`, `role`) VALUES ('1', 'admin');
INSERT INTO `ncc`.`role` (`role_id`, `role`) VALUES ('2', 'user');


INSERT INTO `ncc`.`project` (`project_id`,`projectName` ,`customer`, `PM`, `technology`, `description`) VALUES ('1','Change the world', 'Mr.Bean', 'Mr.IoC', 'java', 'awesome project');
INSERT INTO `ncc`.`project` (`project_id`, `projectName`,`customer`, `PM`, `technology`, `description`) VALUES ('2','XXX mission', 'Mr.Incredible', 'Mrs.Elastic', 'C++', 'awesome project');

INSERT INTO `ncc`.`relation` (`id`,`user_id`, `project_id`) VALUES ('1','2', '1');
INSERT INTO `ncc`.`relation` (`id`,`user_id`, `project_id`) VALUES ('2','3', '1');
INSERT INTO `ncc`.`relation` (`id`,`user_id`, `project_id`) VALUES ('3','4', '1');
INSERT INTO `ncc`.`relation` (`id`,`user_id`, `project_id`) VALUES ('4','3', '2');
INSERT INTO `ncc`.`relation` (`id`,`user_id`, `project_id`) VALUES ('5','4', '2');

INSERT INTO `ncc`.`log time sheet` (`id`, `project_id`, `type`,`role`, `hours`, `user_id`) VALUES ('1', '1', 'task','DEV', '8', '2');
INSERT INTO `ncc`.`log time sheet` (`id`, `project_id`, `type`,`role`, `hours`, `user_id`) VALUES ('2', '1', 'fix bug','QA', '8', '3');

INSERT INTO `ncc`.`user_role` (`user_id`, `role_id`) VALUES ('1', '1');
INSERT INTO `ncc`.`user_role` (`user_id`, `role_id`) VALUES ('2', '2');
INSERT INTO `ncc`.`user_role` (`user_id`, `role_id`) VALUES ('3', '2');
INSERT INTO `ncc`.`user_role` (`user_id`, `role_id`) VALUES ('4', '2');
